<?xml version="1.0" encoding="utf-8" ?>
<dwsync>
<file name="fi-address-book.svg" server="ftp.m.reisandirvys.com//public_html/" local="130363339760000000" remote="130360596600000000" Dst="0" />
<file name="fi-alert.svg" server="ftp.m.reisandirvys.com//public_html/" local="130363339760000000" remote="130360596600000000" Dst="0" />
<file name="fi-align-center.svg" server="ftp.m.reisandirvys.com//public_html/" local="130363339760000000" remote="130360596600000000" Dst="0" />
<file name="fi-align-justify.svg" server="ftp.m.reisandirvys.com//public_html/" local="130363339760000000" remote="130360596600000000" Dst="0" />
<file name="fi-align-right.svg" server="ftp.m.reisandirvys.com//public_html/" local="130363339780000000" remote="130360596600000000" Dst="0" />
<file name="fi-align-left.svg" server="ftp.m.reisandirvys.com//public_html/" local="130363339780000000" remote="130360596600000000" Dst="0" />
<file name="fi-anchor.svg" server="ftp.m.reisandirvys.com//public_html/" local="130363339800000000" remote="130360596600000000" Dst="0" />
<file name="fi-annotate.svg" server="ftp.m.reisandirvys.com//public_html/" local="130363339800000000" remote="130360596600000000" Dst="0" />
<file name="fi-archive.svg" server="ftp.m.reisandirvys.com//public_html/" local="130363339800000000" remote="130360596600000000" Dst="0" />
<file name="fi-arrow-down.svg" server="ftp.m.reisandirvys.com//public_html/" local="130363339840000000" remote="130360596600000000" Dst="0" />
<file name="fi-arrow-left.svg" server="ftp.m.reisandirvys.com//public_html/" local="130363339840000000" remote="130360596600000000" Dst="0" />
<file name="fi-arrow-right.svg" server="ftp.m.reisandirvys.com//public_html/" local="130363339840000000" remote="130360596600000000" Dst="0" />
<file name="fi-arrow-up.svg" server="ftp.m.reisandirvys.com//public_html/" local="130363339860000000" remote="130360596600000000" Dst="0" />
<file name="fi-arrows-compress.svg" server="ftp.m.reisandirvys.com//public_html/" local="130363339860000000" remote="130360596600000000" Dst="0" />
<file name="fi-arrows-expand.svg" server="ftp.m.reisandirvys.com//public_html/" local="130363339860000000" remote="130360596600000000" Dst="0" />
<file name="fi-arrows-in.svg" server="ftp.m.reisandirvys.com//public_html/" local="130363339880000000" remote="130360596600000000" Dst="0" />
<file name="fi-arrows-out.svg" server="ftp.m.reisandirvys.com//public_html/" local="130363339880000000" remote="130360596600000000" Dst="0" />
<file name="fi-asl.svg" server="ftp.m.reisandirvys.com//public_html/" local="130363339880000000" remote="130360596600000000" Dst="0" />
<file name="fi-asterisk.svg" server="ftp.m.reisandirvys.com//public_html/" local="130363339900000000" remote="130360596600000000" Dst="0" />
<file name="fi-at-sign.svg" server="ftp.m.reisandirvys.com//public_html/" local="130363339900000000" remote="130360596600000000" Dst="0" />
<file name="fi-background-color.svg" server="ftp.m.reisandirvys.com//public_html/" local="130363339900000000" remote="130360596600000000" Dst="0" />
<file name="fi-battery-half.svg" server="ftp.m.reisandirvys.com//public_html/" local="130363339920000000" remote="130360596600000000" Dst="0" />
<file name="fi-battery-empty.svg" server="ftp.m.reisandirvys.com//public_html/" local="130363339920000000" remote="130360596600000000" Dst="0" />
<file name="fi-battery-full.svg" server="ftp.m.reisandirvys.com//public_html/" local="130363339920000000" remote="130360596600000000" Dst="0" />
<file name="fi-bitcoin-circle.svg" server="ftp.m.reisandirvys.com//public_html/" local="130363339940000000" remote="130360596600000000" Dst="0" />
<file name="fi-blind.svg" server="ftp.m.reisandirvys.com//public_html/" local="130363339940000000" remote="130360596600000000" Dst="0" />
<file name="fi-bitcoin.svg" server="ftp.m.reisandirvys.com//public_html/" local="130363339940000000" remote="130360596600000000" Dst="0" />
<file name="fi-bluetooth.svg" server="ftp.m.reisandirvys.com//public_html/" local="130360597200000000" remote="130358728200000000" Dst="0" />
<file name="fi-bold.svg" server="ftp.m.reisandirvys.com//public_html/" local="130360597200000000" remote="130358728200000000" Dst="0" />
<file name="fi-book-bookmark.svg" server="ftp.m.reisandirvys.com//public_html/" local="130360597200000000" remote="130358728200000000" Dst="0" />
<file name="fi-bookmark.svg" server="ftp.m.reisandirvys.com//public_html/" local="130363339980000000" remote="130360597200000000" Dst="0" />
<file name="fi-braille.svg" server="ftp.m.reisandirvys.com//public_html/" local="130363339980000000" remote="130360597200000000" Dst="0" />
<file name="fi-book.svg" server="ftp.m.reisandirvys.com//public_html/" local="130363339980000000" remote="130360597200000000" Dst="0" />
<file name="fi-burst-new.svg" server="ftp.m.reisandirvys.com//public_html/" local="130363340000000000" remote="130360597200000000" Dst="0" />
<file name="fi-burst-sale.svg" server="ftp.m.reisandirvys.com//public_html/" local="130363340000000000" remote="130360597200000000" Dst="0" />
<file name="fi-burst.svg" server="ftp.m.reisandirvys.com//public_html/" local="130363340000000000" remote="130360597200000000" Dst="0" />
<file name="fi-camera.svg" server="ftp.m.reisandirvys.com//public_html/" local="130363340020000000" remote="130360597200000000" Dst="0" />
<file name="fi-check.svg" server="ftp.m.reisandirvys.com//public_html/" local="130363340020000000" remote="130360597200000000" Dst="0" />
<file name="fi-calendar.svg" server="ftp.m.reisandirvys.com//public_html/" local="130363340020000000" remote="130360597200000000" Dst="0" />
<file name="fi-checkbox.svg" server="ftp.m.reisandirvys.com//public_html/" local="130363340040000000" remote="130360597200000000" Dst="0" />
<file name="fi-clipboard-notes.svg" server="ftp.m.reisandirvys.com//public_html/" local="130363340040000000" remote="130360597200000000" Dst="0" />
<file name="fi-clipboard-pencil.svg" server="ftp.m.reisandirvys.com//public_html/" local="130363340080000000" remote="130360597200000000" Dst="0" />
<file name="fi-clipboard.svg" server="ftp.m.reisandirvys.com//public_html/" local="130363340060000000" remote="130360597200000000" Dst="0" />
<file name="fi-clock.svg" server="ftp.m.reisandirvys.com//public_html/" local="130363340060000000" remote="130360597200000000" Dst="0" />
<file name="fi-closed-caption.svg" server="ftp.m.reisandirvys.com//public_html/" local="130363340100000000" remote="130360597200000000" Dst="0" />
<file name="fi-comment-quotes.svg" server="ftp.m.reisandirvys.com//public_html/" local="130363340120000000" remote="130360597200000000" Dst="0" />
<file name="fi-cloud.svg" server="ftp.m.reisandirvys.com//public_html/" local="130363340100000000" remote="130360597200000000" Dst="0" />
<file name="fi-comment-minus.svg" server="ftp.m.reisandirvys.com//public_html/" local="130363340100000000" remote="130360597200000000" Dst="0" />
<file name="fi-comment-video.svg" server="ftp.m.reisandirvys.com//public_html/" local="130363340120000000" remote="130360597200000000" Dst="0" />
<file name="fi-comment.svg" server="ftp.m.reisandirvys.com//public_html/" local="130363340120000000" remote="130360597200000000" Dst="0" />
<file name="fi-comments.svg" server="ftp.m.reisandirvys.com//public_html/" local="130363340140000000" remote="130360597200000000" Dst="0" />
<file name="fi-compass.svg" server="ftp.m.reisandirvys.com//public_html/" local="130363340140000000" remote="130360597200000000" Dst="0" />
<file name="fi-contrast.svg" server="ftp.m.reisandirvys.com//public_html/" local="130363340140000000" remote="130360597200000000" Dst="0" />
<file name="fi-credit-card.svg" server="ftp.m.reisandirvys.com//public_html/" local="130363340160000000" remote="130360597200000000" Dst="0" />
<file name="fi-css3.svg" server="ftp.m.reisandirvys.com//public_html/" local="130363340200000000" remote="130360597200000000" Dst="0" />
<file name="fi-crown.svg" server="ftp.m.reisandirvys.com//public_html/" local="130363340160000000" remote="130360597200000000" Dst="0" />
<file name="fi-crop.svg" server="ftp.m.reisandirvys.com//public_html/" local="130363340160000000" remote="130360597200000000" Dst="0" />
<file name="fi-die-five.svg" server="ftp.m.reisandirvys.com//public_html/" local="130363340200000000" remote="130360597200000000" Dst="0" />
<file name="fi-die-four.svg" server="ftp.m.reisandirvys.com//public_html/" local="130363340220000000" remote="130360597200000000" Dst="0" />
<file name="fi-database.svg" server="ftp.m.reisandirvys.com//public_html/" local="130363340200000000" remote="130360597200000000" Dst="0" />
<file name="fi-die-one.svg" server="ftp.m.reisandirvys.com//public_html/" local="130363340220000000" remote="130360597200000000" Dst="0" />
<file name="fi-die-six.svg" server="ftp.m.reisandirvys.com//public_html/" local="130363340220000000" remote="130360597200000000" Dst="0" />
<file name="fi-die-three.svg" server="ftp.m.reisandirvys.com//public_html/" local="130363340260000000" remote="130360597200000000" Dst="0" />
<file name="fi-dislike.svg" server="ftp.m.reisandirvys.com//public_html/" local="130363340240000000" remote="130360597200000000" Dst="0" />
<file name="fi-die-two.svg" server="ftp.m.reisandirvys.com//public_html/" local="130363340240000000" remote="130360597200000000" Dst="0" />
<file name="fi-dollar-bill.svg" server="ftp.m.reisandirvys.com//public_html/" local="130363340260000000" remote="130360597200000000" Dst="0" />
<file name="fi-dollar.svg" server="ftp.m.reisandirvys.com//public_html/" local="130363340260000000" remote="130360597200000000" Dst="0" />
<file name="fi-download.svg" server="ftp.m.reisandirvys.com//public_html/" local="130363340280000000" remote="130360597200000000" Dst="0" />
<file name="fi-eject.svg" server="ftp.m.reisandirvys.com//public_html/" local="130363340280000000" remote="130360597200000000" Dst="0" />
<file name="fi-euro.svg" server="ftp.m.reisandirvys.com//public_html/" local="130363340300000000" remote="130360597200000000" Dst="0" />
<file name="fi-eye.svg" server="ftp.m.reisandirvys.com//public_html/" local="130363340300000000" remote="130360597200000000" Dst="0" />
<file name="fi-elevator.svg" server="ftp.m.reisandirvys.com//public_html/" local="130363340280000000" remote="130360597200000000" Dst="0" />
<file name="fi-female-symbol.svg" server="ftp.m.reisandirvys.com//public_html/" local="130363340320000000" remote="130360597200000000" Dst="0" />
<file name="fi-female.svg" server="ftp.m.reisandirvys.com//public_html/" local="130363340320000000" remote="130360597200000000" Dst="0" />
<file name="fi-fast-forward.svg" server="ftp.m.reisandirvys.com//public_html/" local="130363340300000000" remote="130360597200000000" Dst="0" />
<file name="fi-first-aid.svg" server="ftp.m.reisandirvys.com//public_html/" local="130363340360000000" remote="130360597200000000" Dst="0" />
<file name="fi-filter.svg" server="ftp.m.reisandirvys.com//public_html/" local="130363340340000000" remote="130360597200000000" Dst="0" />
<file name="fi-flag.svg" server="ftp.m.reisandirvys.com//public_html/" local="130363340360000000" remote="130360597200000000" Dst="0" />
<file name="fi-folder-add.svg" server="ftp.m.reisandirvys.com//public_html/" local="130363340360000000" remote="130360597200000000" Dst="0" />
<file name="fi-folder.svg" server="ftp.m.reisandirvys.com//public_html/" local="130363340380000000" remote="130360597200000000" Dst="0" />
<file name="fi-folder-lock.svg" server="ftp.m.reisandirvys.com//public_html/" local="130363340380000000" remote="130360597200000000" Dst="0" />
<file name="fi-graph-bar.svg" server="ftp.m.reisandirvys.com//public_html/" local="130363340400000000" remote="130360597200000000" Dst="0" />
<file name="fi-foundation.svg" server="ftp.m.reisandirvys.com//public_html/" local="130363340400000000" remote="130360597200000000" Dst="0" />
<file name="fi-foot.svg" server="ftp.m.reisandirvys.com//public_html/" local="130363340380000000" remote="130360597200000000" Dst="0" />
<file name="fi-graph-horizontal.svg" server="ftp.m.reisandirvys.com//public_html/" local="130363340400000000" remote="130360597200000000" Dst="0" />
<file name="fi-graph-trend.svg" server="ftp.m.reisandirvys.com//public_html/" local="130363340420000000" remote="130360597200000000" Dst="0" />
<file name="fi-graph-pie.svg" server="ftp.m.reisandirvys.com//public_html/" local="130363340420000000" remote="130360597200000000" Dst="0" />
<file name="fi-hearing-aid.svg" server="ftp.m.reisandirvys.com//public_html/" local="130363340460000000" remote="130360597200000000" Dst="0" />
<file name="fi-heart.svg" server="ftp.m.reisandirvys.com//public_html/" local="130363340460000000" remote="130360597200000000" Dst="0" />
<file name="fi-guide-dog.svg" server="ftp.m.reisandirvys.com//public_html/" local="130363340420000000" remote="130360597200000000" Dst="0" />
<file name="fi-home.svg" server="ftp.m.reisandirvys.com//public_html/" local="130363340460000000" remote="130360597200000000" Dst="0" />
<file name="fi-html5.svg" server="ftp.m.reisandirvys.com//public_html/" local="130363340480000000" remote="130360597200000000" Dst="0" />
<file name="fi-indent-less.svg" server="ftp.m.reisandirvys.com//public_html/" local="130363340480000000" remote="130360597200000000" Dst="0" />
<file name="fi-info.svg" server="ftp.m.reisandirvys.com//public_html/" local="130363340500000000" remote="130360597200000000" Dst="0" />
<file name="fi-indent-more.svg" server="ftp.m.reisandirvys.com//public_html/" local="130363340480000000" remote="130360597200000000" Dst="0" />
<file name="fi-italic.svg" server="ftp.m.reisandirvys.com//public_html/" local="130363340500000000" remote="130360597200000000" Dst="0" />
<file name="fi-key.svg" server="ftp.m.reisandirvys.com//public_html/" local="130363340500000000" remote="130360597200000000" Dst="0" />
<file name="fi-layout.svg" server="ftp.m.reisandirvys.com//public_html/" local="130363340520000000" remote="130360597200000000" Dst="0" />
<file name="fi-laptop.svg" server="ftp.m.reisandirvys.com//public_html/" local="130363340520000000" remote="130360597200000000" Dst="0" />
<file name="fi-lightbulb.svg" server="ftp.m.reisandirvys.com//public_html/" local="130363340520000000" remote="130360597200000000" Dst="0" />
<file name="fi-like.svg" server="ftp.m.reisandirvys.com//public_html/" local="130363340540000000" remote="130360597200000000" Dst="0" />
<file name="fi-link.svg" server="ftp.m.reisandirvys.com//public_html/" local="130363340540000000" remote="130360597200000000" Dst="0" />
<file name="fi-list-thumbnails.svg" server="ftp.m.reisandirvys.com//public_html/" local="130363340560000000" remote="130360597200000000" Dst="0" />
<file name="fi-list-bullet.svg" server="ftp.m.reisandirvys.com//public_html/" local="130363340540000000" remote="130360597200000000" Dst="0" />
<file name="fi-list-number.svg" server="ftp.m.reisandirvys.com//public_html/" local="130363340580000000" remote="130360597200000000" Dst="0" />
<file name="fi-lock.svg" server="ftp.m.reisandirvys.com//public_html/" local="130363340580000000" remote="130360597200000000" Dst="0" />
<file name="fi-list.svg" server="ftp.m.reisandirvys.com//public_html/" local="130363340580000000" remote="130360597200000000" Dst="0" />
<file name="fi-loop.svg" server="ftp.m.reisandirvys.com//public_html/" local="130363340600000000" remote="130360597200000000" Dst="0" />
<file name="fi-mail.svg" server="ftp.m.reisandirvys.com//public_html/" local="130360597800000000" remote="130358728200000000" Dst="0" />
<file name="fi-male-female.svg" server="ftp.m.reisandirvys.com//public_html/" local="130360597800000000" remote="130358728200000000" Dst="0" />
<file name="fi-magnifying-glass.svg" server="ftp.m.reisandirvys.com//public_html/" local="130360597800000000" remote="130358728200000000" Dst="0" />
<file name="fi-male-symbol.svg" server="ftp.m.reisandirvys.com//public_html/" local="130363340600000000" remote="130360597800000000" Dst="0" />
<file name="fi-map.svg" server="ftp.m.reisandirvys.com//public_html/" local="130363340640000000" remote="130360597800000000" Dst="0" />
<file name="fi-male.svg" server="ftp.m.reisandirvys.com//public_html/" local="130363340600000000" remote="130360597800000000" Dst="0" />
<file name="fi-marker.svg" server="ftp.m.reisandirvys.com//public_html/" local="130363340640000000" remote="130360597800000000" Dst="0" />
<file name="fi-megaphone.svg" server="ftp.m.reisandirvys.com//public_html/" local="130363340640000000" remote="130360597800000000" Dst="0" />
<file name="fi-microphone.svg" server="ftp.m.reisandirvys.com//public_html/" local="130363340660000000" remote="130360597800000000" Dst="0" />
<file name="fi-minus-circle.svg" server="ftp.m.reisandirvys.com//public_html/" local="130363340660000000" remote="130360597800000000" Dst="0" />
<file name="fi-minus.svg" server="ftp.m.reisandirvys.com//public_html/" local="130363340660000000" remote="130360597800000000" Dst="0" />
<file name="fi-mobile-signal.svg" server="ftp.m.reisandirvys.com//public_html/" local="130363340700000000" remote="130360597800000000" Dst="0" />
<file name="fi-mobile.svg" server="ftp.m.reisandirvys.com//public_html/" local="130363340680000000" remote="130360597800000000" Dst="0" />
<file name="fi-monitor.svg" server="ftp.m.reisandirvys.com//public_html/" local="130363340680000000" remote="130360597800000000" Dst="0" />
<file name="fi-mountains.svg" server="ftp.m.reisandirvys.com//public_html/" local="130363340700000000" remote="130360597800000000" Dst="0" />
<file name="fi-music.svg" server="ftp.m.reisandirvys.com//public_html/" local="130363340700000000" remote="130360597800000000" Dst="0" />
<file name="fi-next.svg" server="ftp.m.reisandirvys.com//public_html/" local="130363340720000000" remote="130360597800000000" Dst="0" />
<file name="fi-no-dogs.svg" server="ftp.m.reisandirvys.com//public_html/" local="130363340720000000" remote="130360597800000000" Dst="0" />
<file name="fi-no-smoking.svg" server="ftp.m.reisandirvys.com//public_html/" local="130363340720000000" remote="130360597800000000" Dst="0" />
<file name="fi-page-add.svg" server="ftp.m.reisandirvys.com//public_html/" local="130363340740000000" remote="130360597800000000" Dst="0" />
<file name="fi-page-copy.svg" server="ftp.m.reisandirvys.com//public_html/" local="130363340740000000" remote="130360597800000000" Dst="0" />
<file name="fi-page-csv.svg" server="ftp.m.reisandirvys.com//public_html/" local="130363340740000000" remote="130360597800000000" Dst="0" />
<file name="fi-page-delete.svg" server="ftp.m.reisandirvys.com//public_html/" local="130363340760000000" remote="130360597800000000" Dst="0" />
<file name="fi-page-doc.svg" server="ftp.m.reisandirvys.com//public_html/" local="130363340760000000" remote="130360597800000000" Dst="0" />
<file name="fi-page-export-doc.svg" server="ftp.m.reisandirvys.com//public_html/" local="130363340780000000" remote="130360597800000000" Dst="0" />
<file name="fi-page-edit.svg" server="ftp.m.reisandirvys.com//public_html/" local="130363340760000000" remote="130360597800000000" Dst="0" />
<file name="fi-page-export-csv.svg" server="ftp.m.reisandirvys.com//public_html/" local="130363340780000000" remote="130360597800000000" Dst="0" />
<file name="fi-page-filled.svg" server="ftp.m.reisandirvys.com//public_html/" local="130363340800000000" remote="130360597800000000" Dst="0" />
<file name="fi-page-export-pdf.svg" server="ftp.m.reisandirvys.com//public_html/" local="130363340780000000" remote="130360597800000000" Dst="0" />
<file name="fi-page-export.svg" server="ftp.m.reisandirvys.com//public_html/" local="130363340800000000" remote="130360597800000000" Dst="0" />
<file name="fi-page-multiple.svg" server="ftp.m.reisandirvys.com//public_html/" local="130363340800000000" remote="130360597800000000" Dst="0" />
<file name="fi-page-pdf.svg" server="ftp.m.reisandirvys.com//public_html/" local="130363340820000000" remote="130360597800000000" Dst="0" />
<file name="fi-page-remove.svg" server="ftp.m.reisandirvys.com//public_html/" local="130363340820000000" remote="130360597800000000" Dst="0" />
<file name="fi-page-search.svg" server="ftp.m.reisandirvys.com//public_html/" local="130363340820000000" remote="130360597800000000" Dst="0" />
<file name="fi-page.svg" server="ftp.m.reisandirvys.com//public_html/" local="130363340840000000" remote="130360597800000000" Dst="0" />
<file name="fi-paint-bucket.svg" server="ftp.m.reisandirvys.com//public_html/" local="130363340840000000" remote="130360597800000000" Dst="0" />
<file name="fi-paperclip.svg" server="ftp.m.reisandirvys.com//public_html/" local="130363340840000000" remote="130360597800000000" Dst="0" />
<file name="fi-pause.svg" server="ftp.m.reisandirvys.com//public_html/" local="130363340860000000" remote="130360597800000000" Dst="0" />
<file name="fi-paw.svg" server="ftp.m.reisandirvys.com//public_html/" local="130363340860000000" remote="130360597800000000" Dst="0" />
<file name="fi-paypal.svg" server="ftp.m.reisandirvys.com//public_html/" local="130363340860000000" remote="130360597800000000" Dst="0" />
<file name="fi-pencil.svg" server="ftp.m.reisandirvys.com//public_html/" local="130363340900000000" remote="130360597800000000" Dst="0" />
<file name="fi-photo.svg" server="ftp.m.reisandirvys.com//public_html/" local="130363340900000000" remote="130360597800000000" Dst="0" />
<file name="fi-play-video.svg" server="ftp.m.reisandirvys.com//public_html/" local="130363340920000000" remote="130360597800000000" Dst="0" />
<file name="fi-play.svg" server="ftp.m.reisandirvys.com//public_html/" local="130363340920000000" remote="130360597800000000" Dst="0" />
<file name="fi-play-circle.svg" server="ftp.m.reisandirvys.com//public_html/" local="130363340900000000" remote="130360597800000000" Dst="0" />
<file name="fi-plus.svg" server="ftp.m.reisandirvys.com//public_html/" local="130363340920000000" remote="130360597800000000" Dst="0" />
<file name="fi-pound.svg" server="ftp.m.reisandirvys.com//public_html/" local="130363340940000000" remote="130360597800000000" Dst="0" />
<file name="fi-power.svg" server="ftp.m.reisandirvys.com//public_html/" local="130363340940000000" remote="130360597800000000" Dst="0" />
<file name="fi-pricetag-multiple.svg" server="ftp.m.reisandirvys.com//public_html/" local="130363340960000000" remote="130360597800000000" Dst="0" />
<file name="fi-previous.svg" server="ftp.m.reisandirvys.com//public_html/" local="130363340940000000" remote="130360597800000000" Dst="0" />
<file name="fi-price-tag.svg" server="ftp.m.reisandirvys.com//public_html/" local="130363340960000000" remote="130360597800000000" Dst="0" />
<file name="fi-prohibited.svg" server="ftp.m.reisandirvys.com//public_html/" local="130363340980000000" remote="130360597800000000" Dst="0" />
<file name="fi-projection-screen.svg" server="ftp.m.reisandirvys.com//public_html/" local="130363340980000000" remote="130360597800000000" Dst="0" />
<file name="fi-print.svg" server="ftp.m.reisandirvys.com//public_html/" local="130363340960000000" remote="130360597800000000" Dst="0" />
<file name="fi-puzzle.svg" server="ftp.m.reisandirvys.com//public_html/" local="130363340980000000" remote="130360597800000000" Dst="0" />
<file name="fi-quote.svg" server="ftp.m.reisandirvys.com//public_html/" local="130363341000000000" remote="130360597800000000" Dst="0" />
<file name="fi-record.svg" server="ftp.m.reisandirvys.com//public_html/" local="130363341000000000" remote="130360597800000000" Dst="0" />
<file name="fi-results-demographics.svg" server="ftp.m.reisandirvys.com//public_html/" local="130363341040000000" remote="130360597800000000" Dst="0" />
<file name="fi-results.svg" server="ftp.m.reisandirvys.com//public_html/" local="130363341040000000" remote="130360597800000000" Dst="0" />
<file name="fi-refresh.svg" server="ftp.m.reisandirvys.com//public_html/" local="130363341000000000" remote="130360597800000000" Dst="0" />
<file name="fi-rewind.svg" server="ftp.m.reisandirvys.com//public_html/" local="130363341060000000" remote="130360597800000000" Dst="0" />
<file name="fi-rewind-ten.svg" server="ftp.m.reisandirvys.com//public_html/" local="130363341040000000" remote="130360597800000000" Dst="0" />
<file name="fi-rss.svg" server="ftp.m.reisandirvys.com//public_html/" local="130363341060000000" remote="130360597800000000" Dst="0" />
<file name="fi-save.svg" server="ftp.m.reisandirvys.com//public_html/" local="130363341080000000" remote="130360597800000000" Dst="0" />
<file name="fi-safety-cone.svg" server="ftp.m.reisandirvys.com//public_html/" local="130363341060000000" remote="130360597800000000" Dst="0" />
<file name="fi-share.svg" server="ftp.m.reisandirvys.com//public_html/" local="130363341080000000" remote="130360597800000000" Dst="0" />
<file name="fi-sheriff-badge.svg" server="ftp.m.reisandirvys.com//public_html/" local="130363341080000000" remote="130360597800000000" Dst="0" />
<file name="fi-shield.svg" server="ftp.m.reisandirvys.com//public_html/" local="130363341100000000" remote="130360597800000000" Dst="0" />
<file name="fi-shopping-bag.svg" server="ftp.m.reisandirvys.com//public_html/" local="130363341100000000" remote="130360597800000000" Dst="0" />
<file name="fi-shopping-cart.svg" server="ftp.m.reisandirvys.com//public_html/" local="130363341100000000" remote="130360597800000000" Dst="0" />
<file name="fi-shuffle.svg" server="ftp.m.reisandirvys.com//public_html/" local="130363341140000000" remote="130360597800000000" Dst="0" />
<file name="fi-skull.svg" server="ftp.m.reisandirvys.com//public_html/" local="130363341140000000" remote="130360597800000000" Dst="0" />
<file name="fi-social-500px.svg" server="ftp.m.reisandirvys.com//public_html/" local="130363341140000000" remote="130360597800000000" Dst="0" />
<file name="fi-social-adobe.svg" server="ftp.m.reisandirvys.com//public_html/" local="130363341160000000" remote="130360597800000000" Dst="0" />
<file name="fi-social-amazon.svg" server="ftp.m.reisandirvys.com//public_html/" local="130363341160000000" remote="130360597800000000" Dst="0" />
<file name="fi-social-behance.svg" server="ftp.m.reisandirvys.com//public_html/" local="130363341180000000" remote="130360597800000000" Dst="0" />
<file name="fi-social-android.svg" server="ftp.m.reisandirvys.com//public_html/" local="130363341160000000" remote="130360597800000000" Dst="0" />
<file name="fi-social-apple.svg" server="ftp.m.reisandirvys.com//public_html/" local="130363341180000000" remote="130360597800000000" Dst="0" />
<file name="fi-social-blogger.svg" server="ftp.m.reisandirvys.com//public_html/" local="130363341180000000" remote="130360597800000000" Dst="0" />
<file name="fi-social-delicious.svg" server="ftp.m.reisandirvys.com//public_html/" local="130363341180000000" remote="130360597800000000" Dst="0" />
<file name="fi-social-bing.svg" server="ftp.m.reisandirvys.com//public_html/" local="130363341180000000" remote="130360597800000000" Dst="0" />
<file name="fi-social-designer-news.svg" server="ftp.m.reisandirvys.com//public_html/" local="130363341220000000" remote="130360597800000000" Dst="0" />
<file name="fi-social-deviant-art.svg" server="ftp.m.reisandirvys.com//public_html/" local="130363341220000000" remote="130360597800000000" Dst="0" />
<file name="fi-social-digg.svg" server="ftp.m.reisandirvys.com//public_html/" local="130363341220000000" remote="130360597800000000" Dst="0" />
<file name="fi-social-dribbble.svg" server="ftp.m.reisandirvys.com//public_html/" local="130360598400000000" remote="130358728200000000" Dst="0" />
<file name="fi-social-dropbox.svg" server="ftp.m.reisandirvys.com//public_html/" local="130360598400000000" remote="130358728200000000" Dst="0" />
<file name="fi-social-drive.svg" server="ftp.m.reisandirvys.com//public_html/" local="130360598400000000" remote="130358728200000000" Dst="0" />
<file name="fi-social-evernote.svg" server="ftp.m.reisandirvys.com//public_html/" local="130363341240000000" remote="130360598400000000" Dst="0" />
<file name="fi-social-facebook.svg" server="ftp.m.reisandirvys.com//public_html/" local="130363341240000000" remote="130360598400000000" Dst="0" />
</dwsync>