<?xml version="1.0" encoding="utf-8" ?>
<dwsync>
<file name=".DS_Store" server="ftp.m.reisandirvys.com//public_html/" local="130363339660000000" remote="130360596600000000" Dst="0" />
<file name=".fontcustom-data" server="ftp.m.reisandirvys.com//public_html/" local="130363339680000000" remote="130360596600000000" Dst="0" />
<file name="foundation-icons.css" server="ftp.m.reisandirvys.com//public_html/" local="130363339700000000" remote="130360596600000000" Dst="0" />
<file name="foundation-icons.eot" server="ftp.m.reisandirvys.com//public_html/" local="130363339700000000" remote="130360596600000000" Dst="0" />
<file name="foundation-icons.woff" server="ftp.m.reisandirvys.com//public_html/" local="130363339740000000" remote="130360596600000000" Dst="0" />
<file name="foundation-icons.ttf" server="ftp.m.reisandirvys.com//public_html/" local="130363339720000000" remote="130360596600000000" Dst="0" />
<file name="foundation-icons.svg" server="ftp.m.reisandirvys.com//public_html/" local="130363339740000000" remote="130360596600000000" Dst="0" />
<file name="preview.html" server="ftp.m.reisandirvys.com//public_html/" local="130363339780000000" remote="130360596600000000" Dst="0" />
</dwsync>